Resource,Zone,StartCap,RetCap,NewCap,EndCap,StartEnergyCap,RetEnergyCap,NewEnergyCap,EndEnergyCap,StartChargeCap,RetChargeCap,NewChargeCap,EndChargeCap
NENG_Rest_battery_moderate_0,1,0.0,0.0,7.163128101998765e-5,7.163128101998765e-5,0.0,0.0,0.00017735873989073816,0.00017735873989073816,0.0,0.0,0.0,0.0
NY_Z_A_battery_moderate_0,2,0.0,0.0,3164.003727202086,3164.003727202086,0.0,0.0,3164.0040523112366,3164.0040523112366,0.0,0.0,0.0,0.0
NY_Z_B_battery_moderate_0,3,0.0,0.0,1702.5489668055634,1702.5489668055634,0.0,0.0,3774.032123035916,3774.032123035916,0.0,0.0,0.0,0.0
NY_Z_C&E_battery_moderate_0,4,0.0,0.0,0.0018022484823546929,0.0018022484823546929,0.0,0.0,0.0019587810699916,0.0019587810699916,0.0,0.0,0.0,0.0
NY_Z_D_battery_moderate_0,5,0.0,0.0,2.493185278090707,2.493185278090707,0.0,0.0,2.493185562021375,2.493185562021375,0.0,0.0,0.0,0.0
NY_Z_F_battery_moderate_0,6,0.0,0.0,1130.9485083926459,1130.9485083926459,0.0,0.0,1819.7238579908737,1819.7238579908737,0.0,0.0,0.0,0.0
NY_Z_G-I_battery_moderate_0,7,0.0,0.0,0.001588077777064372,0.001588077777064372,0.0,0.0,0.0028921532384614157,0.0028921532384614157,0.0,0.0,0.0,0.0
NY_Z_J_battery_moderate_0,8,0.0,0.0,0.0018183082515606888,0.0018183082515606888,0.0,0.0,0.003349996161304101,0.003349996161304101,0.0,0.0,0.0,0.0
NY_Z_K_battery_moderate_0,9,0.0,0.0,0.00040372892217917,0.00040372892217917,0.0,0.0,0.00045461891065685884,0.00045461891065685884,0.0,0.0,0.0,0.0
PJM_EMAC_battery_moderate_0,10,0.0,0.0,1580.0000000358086,1580.0000000358086,0.0,0.0,2633.7743078932185,2633.7743078932185,0.0,0.0,0.0,0.0
PJM_Rest_battery_moderate_0,11,0.0,0.0,3693.8824297768874,3693.8824297768874,0.0,0.0,8030.179202028405,8030.179202028405,0.0,0.0,0.0,0.0
NENG_Rest_biomass_1,1,30.5,0.0,0.0,30.5,0.0,0.0,0.0,0.0,0.0,0.0,0.0,0.0
NENG_Rest_biomass_2,1,105.8,0.0,0.0,105.8,0.0,0.0,0.0,0.0,0.0,0.0,0.0,0.0
NENG_Rest_biomass_3,1,108.5,0.0,0.0,108.5,0.0,0.0,0.0,0.0,0.0,0.0,0.0,0.0
NY_Z_A_biomass_1,2,24.7,0.0,0.0,24.7,0.0,0.0,0.0,0.0,0.0,0.0,0.0,0.0
NY_Z_B_biomass_1,3,11.3,0.0,0.0,11.3,0.0,0.0,0.0,0.0,0.0,0.0,0.0,0.0
NY_Z_C&E_biomass_1,4,77.1,0.0,0.0,77.1,0.0,0.0,0.0,0.0,0.0,0.0,0.0,0.0
PJM_EMAC_biomass_1,10,195.2,0.0,0.0,195.2,0.0,0.0,0.0,0.0,0.0,0.0,0.0,0.0
PJM_Rest_biomass_1,11,198.5,0.0,0.0,198.5,0.0,0.0,0.0,0.0,0.0,0.0,0.0,0.0
PJM_Rest_biomass_2,11,77.5,0.0,0.0,77.5,0.0,0.0,0.0,0.0,0.0,0.0,0.0,0.0
NENG_Rest_conventional_hydroelectric_1,1,1083.4,0.0,0.0,1083.4,0.0,0.0,0.0,0.0,0.0,0.0,0.0,0.0
NY_Z_A_conventional_hydroelectric_1,2,2434.9,0.0,0.0,2434.9,0.0,0.0,0.0,0.0,0.0,0.0,0.0,0.0
NY_Z_B_conventional_hydroelectric_1,3,27.5,0.0,0.0,27.5,0.0,0.0,0.0,0.0,0.0,0.0,0.0,0.0
NY_Z_C&E_conventional_hydroelectric_1,4,63.70000000000001,0.0,0.0,63.70000000000001,0.0,0.0,0.0,0.0,0.0,0.0,0.0,0.0
NY_Z_D_conventional_hydroelectric_1,5,818.9,0.0,0.0,818.9,0.0,0.0,0.0,0.0,0.0,0.0,0.0,0.0
NY_Z_F_conventional_hydroelectric_1,6,274.9,0.0,0.0,274.9,0.0,0.0,0.0,0.0,0.0,0.0,0.0,0.0
PJM_EMAC_conventional_hydroelectric_1,10,1259.9,0.0,0.0,1259.9,0.0,0.0,0.0,0.0,0.0,0.0,0.0,0.0
PJM_Rest_conventional_hydroelectric_1,11,1613.2,0.0,0.0,1613.2,0.0,0.0,0.0,0.0,0.0,0.0,0.0,0.0
NENG_Rest_conventional_steam_coal_1,1,534.6,2.9825599397886883e-9,0.0,534.5999999970174,0.0,0.0,0.0,0.0,0.0,0.0,0.0,0.0
PJM_EMAC_conventional_steam_coal_1,10,36.1,7.888638306089992e-8,0.0,36.099999921113614,0.0,0.0,0.0,0.0,0.0,0.0,0.0,0.0
PJM_Rest_conventional_steam_coal_1,11,29691.1,4.91277684445901e-8,0.0,29691.09999995087,0.0,0.0,0.0,0.0,0.0,0.0,0.0,0.0
NENG_Rest_distributed_generation_1,1,5017.0,2.0012421594228886e-9,0.0,5016.999999997999,0.0,0.0,0.0,0.0,0.0,0.0,0.0,0.0
NY_Z_A_distributed_generation_1,2,180.0,2.5387111428943934e-9,0.0,179.9999999974613,0.0,0.0,0.0,0.0,0.0,0.0,0.0,0.0
NY_Z_B_distributed_generation_1,3,136.0,135.999999900291,0.0,9.970901881928285e-8,0.0,0.0,0.0,0.0,0.0,0.0,0.0,0.0
NY_Z_C&E_distributed_generation_1,4,270.0,269.9999999969855,0.0,3.0145330676134563e-9,0.0,0.0,0.0,0.0,0.0,0.0,0.0,0.0
NY_Z_D_distributed_generation_1,5,31.0,1.8660216917725294e-9,0.0,30.99999999813398,0.0,0.0,0.0,0.0,0.0,0.0,0.0,0.0
NY_Z_F_distributed_generation_1,6,165.0,164.99999999623543,0.0,3.7645719874745964e-9,0.0,0.0,0.0,0.0,0.0,0.0,0.0,0.0
NY_Z_G-I_distributed_generation_1,7,305.0,4.217041316704817e-9,0.0,304.99999999578296,0.0,0.0,0.0,0.0,0.0,0.0,0.0,0.0
NY_Z_J_distributed_generation_1,8,1094.0,1.2607472860894345e-8,0.0,1093.9999999873926,0.0,0.0,0.0,0.0,0.0,0.0,0.0,0.0
NY_Z_K_distributed_generation_1,9,373.0,372.99999999628693,0.0,3.7130853947076048e-9,0.0,0.0,0.0,0.0,0.0,0.0,0.0,0.0
PJM_EMAC_distributed_generation_1,10,5972.0,2.01892835748728e-9,0.0,5971.999999997982,0.0,0.0,0.0,0.0,0.0,0.0,0.0,0.0
PJM_Rest_distributed_generation_1,11,8622.0,1.4319505852717245e-9,0.0,8621.999999998568,0.0,0.0,0.0,0.0,0.0,0.0,0.0,0.0
NENG_Rest_hydroelectric_pumped_storage_1,1,1830.0,0.0,0.0,1830.0,28365.0,0.0,0.0,28365.0,0.0,0.0,0.0,0.0
NY_Z_A_hydroelectric_pumped_storage_1,2,240.0,0.0,0.0,240.0,3720.0,0.0,0.0,3720.0,0.0,0.0,0.0,0.0
NY_Z_F_hydroelectric_pumped_storage_1,6,1166.7,0.0,0.0,1166.7,18083.8,0.0,0.0,18083.8,0.0,0.0,0.0,0.0
PJM_EMAC_hydroelectric_pumped_storage_1,10,1490.0,0.0,0.0,1490.0,23095.0,0.0,0.0,23095.0,0.0,0.0,0.0,0.0
PJM_Rest_hydroelectric_pumped_storage_1,11,3693.0,0.0,0.0,3693.0,57241.5,0.0,0.0,57241.5,0.0,0.0,0.0,0.0
NENG_Rest_landbasedwind_class1_moderate_1,1,0.0,0.0,2.9766087191619094e-5,2.9766087191619094e-5,0.0,0.0,0.0,0.0,0.0,0.0,0.0,0.0
NENG_Rest_landbasedwind_class1_moderate_2,1,0.0,0.0,6450.899915876337,6450.899915876337,0.0,0.0,0.0,0.0,0.0,0.0,0.0,0.0
NENG_Rest_landbasedwind_class1_moderate_3,1,0.0,0.0,1.680400727290748e-5,1.680400727290748e-5,0.0,0.0,0.0,0.0,0.0,0.0,0.0,0.0
NENG_Rest_landbasedwind_class1_moderate_4,1,0.0,0.0,1.4013854847940466e-5,1.4013854847940466e-5,0.0,0.0,0.0,0.0,0.0,0.0,0.0,0.0
NENG_Rest_landbasedwind_class1_moderate_5,1,0.0,0.0,1.0014805111368622e-5,1.0014805111368622e-5,0.0,0.0,0.0,0.0,0.0,0.0,0.0,0.0
NENG_Rest_landbasedwind_class1_moderate_6,1,0.0,0.0,1.3534244739517585e-5,1.3534244739517585e-5,0.0,0.0,0.0,0.0,0.0,0.0,0.0,0.0
NY_Z_A_landbasedwind_class1_moderate_1,2,0.0,0.0,3.2682624752670623e-6,3.2682624752670623e-6,0.0,0.0,0.0,0.0,0.0,0.0,0.0,0.0
NY_Z_A_landbasedwind_class1_moderate_2,2,0.0,0.0,4.421365808783059e-6,4.421365808783059e-6,0.0,0.0,0.0,0.0,0.0,0.0,0.0,0.0
NY_Z_A_landbasedwind_class1_moderate_3,2,0.0,0.0,3.2282988016987906e-6,3.2282988016987906e-6,0.0,0.0,0.0,0.0,0.0,0.0,0.0,0.0
NY_Z_A_landbasedwind_class1_moderate_4,2,0.0,0.0,4.338366562846331e-6,4.338366562846331e-6,0.0,0.0,0.0,0.0,0.0,0.0,0.0,0.0
NY_Z_A_landbasedwind_class1_moderate_5,2,0.0,0.0,2.76640254077298e-6,2.76640254077298e-6,0.0,0.0,0.0,0.0,0.0,0.0,0.0,0.0
NY_Z_A_landbasedwind_class1_moderate_6,2,0.0,0.0,3.517223233662791e-6,3.517223233662791e-6,0.0,0.0,0.0,0.0,0.0,0.0,0.0,0.0
NY_Z_B_landbasedwind_class1_moderate_1,3,0.0,0.0,2.6616461201585464e-6,2.6616461201585464e-6,0.0,0.0,0.0,0.0,0.0,0.0,0.0,0.0
NY_Z_B_landbasedwind_class1_moderate_2,3,0.0,0.0,3.031513732193636e-6,3.031513732193636e-6,0.0,0.0,0.0,0.0,0.0,0.0,0.0,0.0
NY_Z_B_landbasedwind_class1_moderate_3,3,0.0,0.0,2.567384565609602e-6,2.567384565609602e-6,0.0,0.0,0.0,0.0,0.0,0.0,0.0,0.0
NY_Z_B_landbasedwind_class1_moderate_4,3,0.0,0.0,2.9868691745353764e-6,2.9868691745353764e-6,0.0,0.0,0.0,0.0,0.0,0.0,0.0,0.0
NY_Z_B_landbasedwind_class1_moderate_5,3,0.0,0.0,2.2118232258943063e-6,2.2118232258943063e-6,0.0,0.0,0.0,0.0,0.0,0.0,0.0,0.0
NY_Z_B_landbasedwind_class1_moderate_6,3,0.0,0.0,2.7271580411915998e-6,2.7271580411915998e-6,0.0,0.0,0.0,0.0,0.0,0.0,0.0,0.0
NY_Z_C&E_landbasedwind_class1_moderate_1,4,0.0,0.0,6.137766660011555e-6,6.137766660011555e-6,0.0,0.0,0.0,0.0,0.0,0.0,0.0,0.0
NY_Z_C&E_landbasedwind_class1_moderate_2,4,0.0,0.0,1.5424579298990213e-5,1.5424579298990213e-5,0.0,0.0,0.0,0.0,0.0,0.0,0.0,0.0
NY_Z_C&E_landbasedwind_class1_moderate_3,4,0.0,0.0,5.468349594154106e-6,5.468349594154106e-6,0.0,0.0,0.0,0.0,0.0,0.0,0.0,0.0
NY_Z_C&E_landbasedwind_class1_moderate_4,4,0.0,0.0,6.073971818574533e-6,6.073971818574533e-6,0.0,0.0,0.0,0.0,0.0,0.0,0.0,0.0
NY_Z_C&E_landbasedwind_class1_moderate_5,4,0.0,0.0,3.201602304365657e-6,3.201602304365657e-6,0.0,0.0,0.0,0.0,0.0,0.0,0.0,0.0
NY_Z_C&E_landbasedwind_class1_moderate_6,4,0.0,0.0,3.8103632022814565e-6,3.8103632022814565e-6,0.0,0.0,0.0,0.0,0.0,0.0,0.0,0.0
NY_Z_D_landbasedwind_class1_moderate_1,5,0.0,0.0,2.271908271505106e-6,2.271908271505106e-6,0.0,0.0,0.0,0.0,0.0,0.0,0.0,0.0
NY_Z_D_landbasedwind_class1_moderate_2,5,0.0,0.0,2.277802832665168e-6,2.277802832665168e-6,0.0,0.0,0.0,0.0,0.0,0.0,0.0,0.0
NY_Z_D_landbasedwind_class1_moderate_3,5,0.0,0.0,2.2431758117983578e-6,2.2431758117983578e-6,0.0,0.0,0.0,0.0,0.0,0.0,0.0,0.0
NY_Z_D_landbasedwind_class1_moderate_4,5,0.0,0.0,2.209137141350829e-6,2.209137141350829e-6,0.0,0.0,0.0,0.0,0.0,0.0,0.0,0.0
NY_Z_D_landbasedwind_class1_moderate_5,5,0.0,0.0,2.0961284286014344e-6,2.0961284286014344e-6,0.0,0.0,0.0,0.0,0.0,0.0,0.0,0.0
NY_Z_D_landbasedwind_class1_moderate_6,5,0.0,0.0,2.2026385414244082e-6,2.2026385414244082e-6,0.0,0.0,0.0,0.0,0.0,0.0,0.0,0.0
NY_Z_F_landbasedwind_class1_moderate_1,6,0.0,0.0,2.2706593458764266e-6,2.2706593458764266e-6,0.0,0.0,0.0,0.0,0.0,0.0,0.0,0.0
NY_Z_F_landbasedwind_class1_moderate_2,6,0.0,0.0,2.3334835857691545e-6,2.3334835857691545e-6,0.0,0.0,0.0,0.0,0.0,0.0,0.0,0.0
NY_Z_F_landbasedwind_class1_moderate_3,6,0.0,0.0,2.26988948549491e-6,2.26988948549491e-6,0.0,0.0,0.0,0.0,0.0,0.0,0.0,0.0
NY_Z_F_landbasedwind_class1_moderate_4,6,0.0,0.0,2.2105126360929012e-6,2.2105126360929012e-6,0.0,0.0,0.0,0.0,0.0,0.0,0.0,0.0
NY_Z_F_landbasedwind_class1_moderate_5,6,0.0,0.0,2.127565282115138e-6,2.127565282115138e-6,0.0,0.0,0.0,0.0,0.0,0.0,0.0,0.0
NY_Z_F_landbasedwind_class1_moderate_6,6,0.0,0.0,2.164849725054555e-6,2.164849725054555e-6,0.0,0.0,0.0,0.0,0.0,0.0,0.0,0.0
NY_Z_G-I_landbasedwind_class1_moderate_1,7,0.0,0.0,6.8,6.8,0.0,0.0,0.0,0.0,0.0,0.0,0.0,0.0
NY_Z_G-I_landbasedwind_class1_moderate_2,7,0.0,0.0,15.4,15.4,0.0,0.0,0.0,0.0,0.0,0.0,0.0,0.0
NY_Z_G-I_landbasedwind_class1_moderate_3,7,0.0,0.0,11.5,11.5,0.0,0.0,0.0,0.0,0.0,0.0,0.0,0.0
NY_Z_G-I_landbasedwind_class1_moderate_4,7,0.0,0.0,1.5,1.5,0.0,0.0,0.0,0.0,0.0,0.0,0.0,0.0
NY_Z_G-I_landbasedwind_class1_moderate_5,7,0.0,0.0,9.3,9.3,0.0,0.0,0.0,0.0,0.0,0.0,0.0,0.0
NY_Z_G-I_landbasedwind_class1_moderate_6,7,0.0,0.0,6.6,6.6,0.0,0.0,0.0,0.0,0.0,0.0,0.0,0.0
PJM_EMAC_landbasedwind_class1_moderate_1,10,0.0,0.0,77.1,77.1,0.0,0.0,0.0,0.0,0.0,0.0,0.0,0.0
PJM_EMAC_landbasedwind_class1_moderate_2,10,0.0,0.0,2.338644930101619e-6,2.338644930101619e-6,0.0,0.0,0.0,0.0,0.0,0.0,0.0,0.0
PJM_EMAC_landbasedwind_class1_moderate_3,10,0.0,0.0,2.4097469614988977e-6,2.4097469614988977e-6,0.0,0.0,0.0,0.0,0.0,0.0,0.0,0.0
PJM_EMAC_landbasedwind_class1_moderate_4,10,0.0,0.0,2.3371668369052337e-6,2.3371668369052337e-6,0.0,0.0,0.0,0.0,0.0,0.0,0.0,0.0
PJM_EMAC_landbasedwind_class1_moderate_5,10,0.0,0.0,2.1619547437451764e-6,2.1619547437451764e-6,0.0,0.0,0.0,0.0,0.0,0.0,0.0,0.0
PJM_EMAC_landbasedwind_class1_moderate_6,10,0.0,0.0,2.271515867164555e-6,2.271515867164555e-6,0.0,0.0,0.0,0.0,0.0,0.0,0.0,0.0
PJM_Rest_landbasedwind_class1_moderate_1,11,0.0,0.0,3.4440138631040787e-6,3.4440138631040787e-6,0.0,0.0,0.0,0.0,0.0,0.0,0.0,0.0
PJM_Rest_landbasedwind_class1_moderate_2,11,0.0,0.0,3.537602422542009e-6,3.537602422542009e-6,0.0,0.0,0.0,0.0,0.0,0.0,0.0,0.0
PJM_Rest_landbasedwind_class1_moderate_3,11,0.0,0.0,3.3384050287093097e-6,3.3384050287093097e-6,0.0,0.0,0.0,0.0,0.0,0.0,0.0,0.0
PJM_Rest_landbasedwind_class1_moderate_4,11,0.0,0.0,3.1525790595412503e-6,3.1525790595412503e-6,0.0,0.0,0.0,0.0,0.0,0.0,0.0,0.0
PJM_Rest_landbasedwind_class1_moderate_5,11,0.0,0.0,2.898941556773018e-6,2.898941556773018e-6,0.0,0.0,0.0,0.0,0.0,0.0,0.0,0.0
PJM_Rest_landbasedwind_class1_moderate_6,11,0.0,0.0,3.5023504278016836e-6,3.5023504278016836e-6,0.0,0.0,0.0,0.0,0.0,0.0,0.0,0.0
NENG_Rest_natural_gas_fired_combined_cycle_1,1,3842.1,1.3935486644148945e-8,0.0,3842.099999986064,0.0,0.0,0.0,0.0,0.0,0.0,0.0,0.0
NENG_Rest_natural_gas_fired_combined_cycle_2,1,10513.3,1.148540599526683e-8,0.0,10513.299999988514,0.0,0.0,0.0,0.0,0.0,0.0,0.0,0.0
NY_Z_A_natural_gas_fired_combined_cycle_1,2,444.8,1.3687957294251955e-8,0.0,444.7999999863121,0.0,0.0,0.0,0.0,0.0,0.0,0.0,0.0
NY_Z_B_natural_gas_fired_combined_cycle_1,3,119.1,1.3687599277908596e-8,0.0,119.09999998631241,0.0,0.0,0.0,0.0,0.0,0.0,0.0,0.0
NY_Z_C&E_natural_gas_fired_combined_cycle_1,4,1768.2,1.2581255325678478e-8,0.0,1768.1999999874188,0.0,0.0,0.0,0.0,0.0,0.0,0.0,0.0
NY_Z_D_natural_gas_fired_combined_cycle_1,5,280.0,1.3687879266973584e-8,0.0,279.99999998631216,0.0,0.0,0.0,0.0,0.0,0.0,0.0,0.0
NY_Z_D_natural_gas_fired_combined_cycle_2,5,91.0,1.3687466001909376e-8,0.0,90.99999998631253,0.0,0.0,0.0,0.0,0.0,0.0,0.0,0.0
NY_Z_F_natural_gas_fired_combined_cycle_1,6,3499.8,1.1579197109764218e-8,0.0,3499.799999988421,0.0,0.0,0.0,0.0,0.0,0.0,0.0,0.0
NY_Z_F_natural_gas_fired_combined_cycle_2,6,293.3,1.3687890122832013e-8,0.0,293.2999999863121,0.0,0.0,0.0,0.0,0.0,0.0,0.0,0.0
NY_Z_G-I_natural_gas_fired_combined_cycle_1,7,1884.7,1.1627562684515731e-8,0.0,1884.6999999883724,0.0,0.0,0.0,0.0,0.0,0.0,0.0,0.0
NY_Z_G-I_natural_gas_fired_combined_cycle_2,7,21.7,1.3685589699977564e-8,0.0,21.69999998631441,0.0,0.0,0.0,0.0,0.0,0.0,0.0,0.0
NY_Z_J_natural_gas_fired_combined_cycle_1,8,756.6,1.2154545366990596e-8,0.0,756.5999999878455,0.0,0.0,0.0,0.0,0.0,0.0,0.0,0.0
NY_Z_J_natural_gas_fired_combined_cycle_2,8,2828.4,9.908361076946833e-9,0.0,2828.3999999900916,0.0,0.0,0.0,0.0,0.0,0.0,0.0,0.0
NY_Z_K_natural_gas_fired_combined_cycle_1,9,220.1,5.549386703408711e-9,0.0,220.0999999944506,0.0,0.0,0.0,0.0,0.0,0.0,0.0,0.0
NY_Z_K_natural_gas_fired_combined_cycle_2,9,527.9,4.492309287841828e-9,0.0,527.8999999955076,0.0,0.0,0.0,0.0,0.0,0.0,0.0,0.0
PJM_EMAC_natural_gas_fired_combined_cycle_1,10,1958.7,7.869280975991191e-9,0.0,1958.6999999921309,0.0,0.0,0.0,0.0,0.0,0.0,0.0,0.0
PJM_EMAC_natural_gas_fired_combined_cycle_2,10,11865.3,6.843688545429427e-9,0.0,11865.299999993154,0.0,0.0,0.0,0.0,0.0,0.0,0.0,0.0
PJM_EMAC_natural_gas_fired_combined_cycle_3,10,772.2,7.0363263294499235e-9,0.0,772.1999999929636,0.0,0.0,0.0,0.0,0.0,0.0,0.0,0.0
PJM_Rest_natural_gas_fired_combined_cycle_1,11,2666.1,6.100461100971009e-9,0.0,2666.099999993899,0.0,0.0,0.0,0.0,0.0,0.0,0.0,0.0
PJM_Rest_natural_gas_fired_combined_cycle_2,11,34542.8,4.365934745983935e-9,0.0,34542.79999999564,0.0,0.0,0.0,0.0,0.0,0.0,0.0,0.0
NENG_Rest_natural_gas_fired_combustion_turbine_1,1,1338.4,7.121125282647768e-9,0.0,1338.3999999928787,0.0,0.0,0.0,0.0,0.0,0.0,0.0,0.0
NENG_Rest_natural_gas_fired_combustion_turbine_2,1,624.4,1.1292659031130828e-8,0.0,624.3999999887073,0.0,0.0,0.0,0.0,0.0,0.0,0.0,0.0
NY_Z_A_natural_gas_fired_combustion_turbine_1,2,47.0,9.465377604677607e-9,0.0,46.99999999053462,0.0,0.0,0.0,0.0,0.0,0.0,0.0,0.0
NY_Z_B_natural_gas_fired_combustion_turbine_1,3,6.2,1.2672239394769009e-8,0.0,6.199999987327761,0.0,0.0,0.0,0.0,0.0,0.0,0.0,0.0
NY_Z_F_natural_gas_fired_combustion_turbine_1,6,4.4,1.2669750943955376e-8,0.0,4.39999998733025,0.0,0.0,0.0,0.0,0.0,0.0,0.0,0.0
NY_Z_G-I_natural_gas_fired_combustion_turbine_1,7,83.8,1.267846111167486e-8,0.0,83.79999998732154,0.0,0.0,0.0,0.0,0.0,0.0,0.0,0.0
NY_Z_G-I_natural_gas_fired_combustion_turbine_2,7,24.8,1.0121416812289946e-8,0.0,24.799999989878582,0.0,0.0,0.0,0.0,0.0,0.0,0.0,0.0
NY_Z_J_natural_gas_fired_combustion_turbine_1,8,1636.8,1.1784681809620677e-8,0.0,1636.7999999882154,0.0,0.0,0.0,0.0,0.0,0.0,0.0,0.0
NY_Z_J_natural_gas_fired_combustion_turbine_2,8,756.4,1.1317511589642065e-8,0.0,756.3999999886825,0.0,0.0,0.0,0.0,0.0,0.0,0.0,0.0
NY_Z_K_natural_gas_fired_combustion_turbine_1,9,335.2,1.1291645942532584e-8,0.0,335.1999999887084,0.0,0.0,0.0,0.0,0.0,0.0,0.0,0.0
NY_Z_K_natural_gas_fired_combustion_turbine_2,9,533.5,1.2632265177484027e-8,0.0,533.4999999873678,0.0,0.0,0.0,0.0,0.0,0.0,0.0,0.0
PJM_EMAC_natural_gas_fired_combustion_turbine_1,10,873.3,7.539915887782957e-9,0.0,873.29999999246,0.0,0.0,0.0,0.0,0.0,0.0,0.0,0.0
PJM_EMAC_natural_gas_fired_combustion_turbine_2,10,2932.1,7.1013012087619034e-9,0.0,2932.099999992898,0.0,0.0,0.0,0.0,0.0,0.0,0.0,0.0
PJM_Rest_natural_gas_fired_combustion_turbine_1,11,855.9,7.539642616499302e-9,0.0,855.8999999924604,0.0,0.0,0.0,0.0,0.0,0.0,0.0,0.0
PJM_Rest_natural_gas_fired_combustion_turbine_2,11,25197.9,7.039544879653092e-9,0.0,25197.899999992962,0.0,0.0,0.0,0.0,0.0,0.0,0.0,0.0
PJM_Rest_natural_gas_fired_combustion_turbine_3,11,834.5,7.160000183557186e-9,0.0,834.49999999284,0.0,0.0,0.0,0.0,0.0,0.0,0.0,0.0
PJM_Rest_natural_gas_fired_combustion_turbine_4,11,361.9,7.539888388363027e-9,0.0,361.8999999924601,0.0,0.0,0.0,0.0,0.0,0.0,0.0,0.0
NY_Z_A_natural_gas_steam_turbine_1,2,45.0,8.261257906050541e-9,0.0,44.99999999173874,0.0,0.0,0.0,0.0,0.0,0.0,0.0,0.0
NY_Z_B_natural_gas_steam_turbine_1,3,143.8,143.79971377278028,0.0,0.000286227219731261,0.0,0.0,0.0,0.0,0.0,0.0,0.0,0.0
NY_Z_C&E_natural_gas_steam_turbine_1,4,106.3,33.45447990312815,0.0,72.84552009687184,0.0,0.0,0.0,0.0,0.0,0.0,0.0,0.0
PJM_EMAC_natural_gas_steam_turbine_1,10,2979.0,1.0357501952654213e-8,0.0,2978.9999999896427,0.0,0.0,0.0,0.0,0.0,0.0,0.0,0.0
NENG_Rest_naturalgas_ccavgcf_moderate_0,1,0.0,0.0,1.6957796935722604e-5,1.6957796935722604e-5,0.0,0.0,0.0,0.0,0.0,0.0,0.0,0.0
NY_Z_A_naturalgas_ccavgcf_moderate_0,2,0.0,0.0,465.72152625730934,465.72152625730934,0.0,0.0,0.0,0.0,0.0,0.0,0.0,0.0
NY_Z_B_naturalgas_ccavgcf_moderate_0,3,0.0,0.0,2.477154322920966e-5,2.477154322920966e-5,0.0,0.0,0.0,0.0,0.0,0.0,0.0,0.0
NY_Z_C&E_naturalgas_ccavgcf_moderate_0,4,0.0,0.0,2.514332381324723e-5,2.514332381324723e-5,0.0,0.0,0.0,0.0,0.0,0.0,0.0,0.0
NY_Z_D_naturalgas_ccavgcf_moderate_0,5,0.0,0.0,2636.7318166938094,2636.7318166938094,0.0,0.0,0.0,0.0,0.0,0.0,0.0,0.0
NY_Z_F_naturalgas_ccavgcf_moderate_0,6,0.0,0.0,2.01831855304449e-5,2.01831855304449e-5,0.0,0.0,0.0,0.0,0.0,0.0,0.0,0.0
NY_Z_G-I_naturalgas_ccavgcf_moderate_0,7,0.0,0.0,3.914027979228296e-5,3.914027979228296e-5,0.0,0.0,0.0,0.0,0.0,0.0,0.0,0.0
NY_Z_J_naturalgas_ccavgcf_moderate_0,8,0.0,0.0,1.4892690139922097e-5,1.4892690139922097e-5,0.0,0.0,0.0,0.0,0.0,0.0,0.0,0.0
NY_Z_K_naturalgas_ccavgcf_moderate_0,9,0.0,0.0,1.2645813113907052e-5,1.2645813113907052e-5,0.0,0.0,0.0,0.0,0.0,0.0,0.0,0.0
PJM_EMAC_naturalgas_ccavgcf_moderate_0,10,0.0,0.0,2.2261814035628285e-5,2.2261814035628285e-5,0.0,0.0,0.0,0.0,0.0,0.0,0.0,0.0
PJM_Rest_naturalgas_ccavgcf_moderate_0,11,0.0,0.0,15725.277821813099,15725.277821813099,0.0,0.0,0.0,0.0,0.0,0.0,0.0,0.0
PJM_Rest_naturalgas_ccccsavgcf_moderate_0,11,0.0,0.0,9.99743610934071e-6,9.99743610934071e-6,0.0,0.0,0.0,0.0,0.0,0.0,0.0,0.0
NENG_Rest_naturalgas_ccs100_moderate_0,1,0.0,0.0,9.488224665529857e-6,9.488224665529857e-6,0.0,0.0,0.0,0.0,0.0,0.0,0.0,0.0
NY_Z_A_naturalgas_ccs100_moderate_0,2,0.0,0.0,9.367649327705e-6,9.367649327705e-6,0.0,0.0,0.0,0.0,0.0,0.0,0.0,0.0
NY_Z_B_naturalgas_ccs100_moderate_0,3,0.0,0.0,5.87964513275166e-6,5.87964513275166e-6,0.0,0.0,0.0,0.0,0.0,0.0,0.0,0.0
NY_Z_C&E_naturalgas_ccs100_moderate_0,4,0.0,0.0,5.91979403508001e-6,5.91979403508001e-6,0.0,0.0,0.0,0.0,0.0,0.0,0.0,0.0
NY_Z_D_naturalgas_ccs100_moderate_0,5,0.0,0.0,7.103563337714981e-6,7.103563337714981e-6,0.0,0.0,0.0,0.0,0.0,0.0,0.0,0.0
NY_Z_F_naturalgas_ccs100_moderate_0,6,0.0,0.0,6.610797221776677e-6,6.610797221776677e-6,0.0,0.0,0.0,0.0,0.0,0.0,0.0,0.0
NY_Z_G-I_naturalgas_ccs100_moderate_0,7,0.0,0.0,5.809152200217814e-6,5.809152200217814e-6,0.0,0.0,0.0,0.0,0.0,0.0,0.0,0.0
NY_Z_J_naturalgas_ccs100_moderate_0,8,0.0,0.0,5.803646122591614e-6,5.803646122591614e-6,0.0,0.0,0.0,0.0,0.0,0.0,0.0,0.0
NY_Z_K_naturalgas_ccs100_moderate_0,9,0.0,0.0,5.7106845268791035e-6,5.7106845268791035e-6,0.0,0.0,0.0,0.0,0.0,0.0,0.0,0.0
PJM_EMAC_naturalgas_ccs100_moderate_0,10,0.0,0.0,1.0587197658573721e-5,1.0587197658573721e-5,0.0,0.0,0.0,0.0,0.0,0.0,0.0,0.0
PJM_Rest_naturalgas_ccs100_moderate_0,11,0.0,0.0,8.617678034553139e-6,8.617678034553139e-6,0.0,0.0,0.0,0.0,0.0,0.0,0.0,0.0
NENG_Rest_naturalgas_ctavgcf_moderate_0,1,0.0,0.0,6.967597576950916e-5,6.967597576950916e-5,0.0,0.0,0.0,0.0,0.0,0.0,0.0,0.0
NY_Z_A_naturalgas_ctavgcf_moderate_0,2,0.0,0.0,2.086593471179913e-5,2.086593471179913e-5,0.0,0.0,0.0,0.0,0.0,0.0,0.0,0.0
NY_Z_B_naturalgas_ctavgcf_moderate_0,3,0.0,0.0,2.1124975206819686e-5,2.1124975206819686e-5,0.0,0.0,0.0,0.0,0.0,0.0,0.0,0.0
NY_Z_C&E_naturalgas_ctavgcf_moderate_0,4,0.0,0.0,2.318425690563883e-5,2.318425690563883e-5,0.0,0.0,0.0,0.0,0.0,0.0,0.0,0.0
NY_Z_D_naturalgas_ctavgcf_moderate_0,5,0.0,0.0,2.088680399032712e-5,2.088680399032712e-5,0.0,0.0,0.0,0.0,0.0,0.0,0.0,0.0
NY_Z_F_naturalgas_ctavgcf_moderate_0,6,0.0,0.0,2.1270515407735867e-5,2.1270515407735867e-5,0.0,0.0,0.0,0.0,0.0,0.0,0.0,0.0
NY_Z_G-I_naturalgas_ctavgcf_moderate_0,7,0.0,0.0,2.2367612971932667e-5,2.2367612971932667e-5,0.0,0.0,0.0,0.0,0.0,0.0,0.0,0.0
NY_Z_J_naturalgas_ctavgcf_moderate_0,8,0.0,0.0,2.0424901975795133e-5,2.0424901975795133e-5,0.0,0.0,0.0,0.0,0.0,0.0,0.0,0.0
NY_Z_K_naturalgas_ctavgcf_moderate_0,9,0.0,0.0,1.727393062559194e-5,1.727393062559194e-5,0.0,0.0,0.0,0.0,0.0,0.0,0.0,0.0
PJM_EMAC_naturalgas_ctavgcf_moderate_0,10,0.0,0.0,6.158194916521327e-5,6.158194916521327e-5,0.0,0.0,0.0,0.0,0.0,0.0,0.0,0.0
PJM_Rest_naturalgas_ctavgcf_moderate_0,11,0.0,0.0,5.848242353650909e-5,5.848242353650909e-5,0.0,0.0,0.0,0.0,0.0,0.0,0.0,0.0
NENG_Rest_nuclear_1,1,3355.5,3355.4999782709724,0.0,2.172902791031106e-5,0.0,0.0,0.0,0.0,0.0,0.0,0.0,0.0
NY_Z_B_nuclear_1,3,581.3,581.2999892337552,0.0,1.0766244673554581e-5,0.0,0.0,0.0,0.0,0.0,0.0,0.0,0.0
NY_Z_C&E_nuclear_1,4,2777.0,77.0000740440692,0.0,2699.9999259559313,0.0,0.0,0.0,0.0,0.0,0.0,0.0,0.0
PJM_EMAC_nuclear_1,10,7347.7,1254.4722060362144,0.0,6093.227793963785,0.0,0.0,0.0,0.0,0.0,0.0,0.0,0.0
PJM_EMAC_nuclear_2,10,1172.0,1171.999979371611,0.0,2.0628388774923678e-5,0.0,0.0,0.0,0.0,0.0,0.0,0.0,0.0
PJM_Rest_nuclear_1,11,22747.8,19782.800005839996,0.0,2964.999994160003,0.0,0.0,0.0,0.0,0.0,0.0,0.0,0.0
NENG_Rest_nuclear_nuclear_moderate_0,1,0.0,0.0,4.416719123490783e-6,4.416719123490783e-6,0.0,0.0,0.0,0.0,0.0,0.0,0.0,0.0
NY_Z_A_nuclear_nuclear_moderate_0,2,0.0,0.0,6.151741052161219e-6,6.151741052161219e-6,0.0,0.0,0.0,0.0,0.0,0.0,0.0,0.0
NY_Z_B_nuclear_nuclear_moderate_0,3,0.0,0.0,5.630342655820421e-6,5.630342655820421e-6,0.0,0.0,0.0,0.0,0.0,0.0,0.0,0.0
NY_Z_C&E_nuclear_nuclear_moderate_0,4,0.0,0.0,1.5416666865817734e-5,1.5416666865817734e-5,0.0,0.0,0.0,0.0,0.0,0.0,0.0,0.0
NY_Z_D_nuclear_nuclear_moderate_0,5,0.0,0.0,6.2577131868020415e-6,6.2577131868020415e-6,0.0,0.0,0.0,0.0,0.0,0.0,0.0,0.0
NY_Z_F_nuclear_nuclear_moderate_0,6,0.0,0.0,8.762196034017278e-6,8.762196034017278e-6,0.0,0.0,0.0,0.0,0.0,0.0,0.0,0.0
NY_Z_G-I_nuclear_nuclear_moderate_0,7,0.0,0.0,7.089687354204606e-6,7.089687354204606e-6,0.0,0.0,0.0,0.0,0.0,0.0,0.0,0.0
NY_Z_J_nuclear_nuclear_moderate_0,8,0.0,0.0,8.572400087217398e-6,8.572400087217398e-6,0.0,0.0,0.0,0.0,0.0,0.0,0.0,0.0
NY_Z_K_nuclear_nuclear_moderate_0,9,0.0,0.0,5.3998540210092815e-6,5.3998540210092815e-6,0.0,0.0,0.0,0.0,0.0,0.0,0.0,0.0
PJM_EMAC_nuclear_nuclear_moderate_0,10,0.0,0.0,4.684876743899482e-6,4.684876743899482e-6,0.0,0.0,0.0,0.0,0.0,0.0,0.0,0.0
PJM_Rest_nuclear_nuclear_moderate_0,11,0.0,0.0,5.843392470965249e-6,5.843392470965249e-6,0.0,0.0,0.0,0.0,0.0,0.0,0.0,0.0
NENG_Rest_offshore_wind_turbine_1,1,29.3,3.140134633675942e-9,0.0,29.299999996859867,0.0,0.0,0.0,0.0,0.0,0.0,0.0,0.0
NENG_Rest_offshorewind_class12_moderate_floating_0_0,1,0.0,0.0,2.8457290508902336e-6,2.8457290508902336e-6,0.0,0.0,0.0,0.0,0.0,0.0,0.0,0.0
NENG_Rest_offshorewind_class12_moderate_floating_0_1,1,0.0,0.0,2.4984793452311348e-6,2.4984793452311348e-6,0.0,0.0,0.0,0.0,0.0,0.0,0.0,0.0
NENG_Rest_offshorewind_class12_moderate_floating_0_2,1,0.0,0.0,2.4301222181420806e-6,2.4301222181420806e-6,0.0,0.0,0.0,0.0,0.0,0.0,0.0,0.0
NENG_Rest_offshorewind_class12_moderate_floating_0_3,1,0.0,0.0,2.4847652497251038e-6,2.4847652497251038e-6,0.0,0.0,0.0,0.0,0.0,0.0,0.0,0.0
NENG_Rest_offshorewind_class12_moderate_floating_0_4,1,0.0,0.0,2.3788774452054314e-6,2.3788774452054314e-6,0.0,0.0,0.0,0.0,0.0,0.0,0.0,0.0
NENG_Rest_offshorewind_class12_moderate_floating_0_5,1,0.0,0.0,2.685385416872077e-6,2.685385416872077e-6,0.0,0.0,0.0,0.0,0.0,0.0,0.0,0.0
NY_Z_J_offshorewind_class12_moderate_floating_0_0,8,0.0,0.0,2.75510365021597e-6,2.75510365021597e-6,0.0,0.0,0.0,0.0,0.0,0.0,0.0,0.0
NY_Z_J_offshorewind_class12_moderate_floating_0_1,8,0.0,0.0,62.0,62.0,0.0,0.0,0.0,0.0,0.0,0.0,0.0,0.0
NY_Z_J_offshorewind_class12_moderate_floating_0_2,8,0.0,0.0,2.764549310623114e-6,2.764549310623114e-6,0.0,0.0,0.0,0.0,0.0,0.0,0.0,0.0
NY_Z_J_offshorewind_class12_moderate_floating_0_3,8,0.0,0.0,2.7790619206329193e-6,2.7790619206329193e-6,0.0,0.0,0.0,0.0,0.0,0.0,0.0,0.0
NY_Z_J_offshorewind_class12_moderate_floating_0_4,8,0.0,0.0,2.5462713816595036e-6,2.5462713816595036e-6,0.0,0.0,0.0,0.0,0.0,0.0,0.0,0.0
NY_Z_J_offshorewind_class12_moderate_floating_0_5,8,0.0,0.0,2.704298182908228e-6,2.704298182908228e-6,0.0,0.0,0.0,0.0,0.0,0.0,0.0,0.0
PJM_EMAC_offshorewind_class12_moderate_floating_0_0,10,0.0,0.0,2.356603896190477e-6,2.356603896190477e-6,0.0,0.0,0.0,0.0,0.0,0.0,0.0,0.0
PJM_EMAC_offshorewind_class12_moderate_floating_0_1,10,0.0,0.0,2.2955164589425233e-6,2.2955164589425233e-6,0.0,0.0,0.0,0.0,0.0,0.0,0.0,0.0
PJM_EMAC_offshorewind_class12_moderate_floating_0_2,10,0.0,0.0,9.03080284856457e-7,9.03080284856457e-7,0.0,0.0,0.0,0.0,0.0,0.0,0.0,0.0
PJM_EMAC_offshorewind_class12_moderate_floating_0_3,10,0.0,0.0,1.9490291413274448e-6,1.9490291413274448e-6,0.0,0.0,0.0,0.0,0.0,0.0,0.0,0.0
PJM_EMAC_offshorewind_class12_moderate_floating_0_4,10,0.0,0.0,9.212056838431267e-7,9.212056838431267e-7,0.0,0.0,0.0,0.0,0.0,0.0,0.0,0.0
PJM_EMAC_offshorewind_class12_moderate_floating_0_5,10,0.0,0.0,8.961530952867606e-7,8.961530952867606e-7,0.0,0.0,0.0,0.0,0.0,0.0,0.0,0.0
PJM_Rest_offshorewind_class12_moderate_floating_0_0,11,0.0,0.0,1.9656076778891653e-6,1.9656076778891653e-6,0.0,0.0,0.0,0.0,0.0,0.0,0.0,0.0
PJM_Rest_offshorewind_class12_moderate_floating_0_1,11,0.0,0.0,2.10961188478745e-6,2.10961188478745e-6,0.0,0.0,0.0,0.0,0.0,0.0,0.0,0.0
PJM_Rest_offshorewind_class12_moderate_floating_0_2,11,0.0,0.0,2.1365160966948785e-6,2.1365160966948785e-6,0.0,0.0,0.0,0.0,0.0,0.0,0.0,0.0
PJM_Rest_offshorewind_class12_moderate_floating_0_3,11,0.0,0.0,1.848796037949283e-6,1.848796037949283e-6,0.0,0.0,0.0,0.0,0.0,0.0,0.0,0.0
PJM_Rest_offshorewind_class12_moderate_floating_0_4,11,0.0,0.0,2.1970452787098094e-6,2.1970452787098094e-6,0.0,0.0,0.0,0.0,0.0,0.0,0.0,0.0
PJM_Rest_offshorewind_class12_moderate_floating_0_5,11,0.0,0.0,2.2126249887328828e-6,2.2126249887328828e-6,0.0,0.0,0.0,0.0,0.0,0.0,0.0,0.0
NENG_Rest_offshorewind_class12_moderate_floating_1_0,1,0.0,0.0,1.9947199381407e-6,1.9947199381407e-6,0.0,0.0,0.0,0.0,0.0,0.0,0.0,0.0
NENG_Rest_offshorewind_class12_moderate_floating_1_1,1,0.0,0.0,1.980980626509266e-6,1.980980626509266e-6,0.0,0.0,0.0,0.0,0.0,0.0,0.0,0.0
NENG_Rest_offshorewind_class12_moderate_floating_1_2,1,0.0,0.0,2.212398621416044e-6,2.212398621416044e-6,0.0,0.0,0.0,0.0,0.0,0.0,0.0,0.0
NENG_Rest_offshorewind_class12_moderate_floating_1_3,1,0.0,0.0,1.849780184383794e-6,1.849780184383794e-6,0.0,0.0,0.0,0.0,0.0,0.0,0.0,0.0
NENG_Rest_offshorewind_class12_moderate_floating_1_4,1,0.0,0.0,2.529264291051092e-6,2.529264291051092e-6,0.0,0.0,0.0,0.0,0.0,0.0,0.0,0.0
NENG_Rest_offshorewind_class12_moderate_floating_1_5,1,0.0,0.0,2.0374841207871794e-6,2.0374841207871794e-6,0.0,0.0,0.0,0.0,0.0,0.0,0.0,0.0
NY_Z_J_offshorewind_class12_moderate_floating_1_0,8,0.0,0.0,2.6483970700039723e-6,2.6483970700039723e-6,0.0,0.0,0.0,0.0,0.0,0.0,0.0,0.0
NY_Z_J_offshorewind_class12_moderate_floating_1_1,8,0.0,0.0,2.8223021085062416e-6,2.8223021085062416e-6,0.0,0.0,0.0,0.0,0.0,0.0,0.0,0.0
NY_Z_J_offshorewind_class12_moderate_floating_1_2,8,0.0,0.0,2.6730172608159337e-6,2.6730172608159337e-6,0.0,0.0,0.0,0.0,0.0,0.0,0.0,0.0
NY_Z_J_offshorewind_class12_moderate_floating_1_3,8,0.0,0.0,2.779506822699686e-6,2.779506822699686e-6,0.0,0.0,0.0,0.0,0.0,0.0,0.0,0.0
NY_Z_J_offshorewind_class12_moderate_floating_1_4,8,0.0,0.0,2.6271380257761503e-6,2.6271380257761503e-6,0.0,0.0,0.0,0.0,0.0,0.0,0.0,0.0
NY_Z_J_offshorewind_class12_moderate_floating_1_5,8,0.0,0.0,2.7337441525221868e-6,2.7337441525221868e-6,0.0,0.0,0.0,0.0,0.0,0.0,0.0,0.0
PJM_EMAC_offshorewind_class12_moderate_floating_1_0,10,0.0,0.0,2.34937482692116e-6,2.34937482692116e-6,0.0,0.0,0.0,0.0,0.0,0.0,0.0,0.0
PJM_EMAC_offshorewind_class12_moderate_floating_1_1,10,0.0,0.0,2.3824139651983103e-6,2.3824139651983103e-6,0.0,0.0,0.0,0.0,0.0,0.0,0.0,0.0
PJM_EMAC_offshorewind_class12_moderate_floating_1_2,10,0.0,0.0,2.3810402306191825e-6,2.3810402306191825e-6,0.0,0.0,0.0,0.0,0.0,0.0,0.0,0.0
PJM_EMAC_offshorewind_class12_moderate_floating_1_3,10,0.0,0.0,2.3125860397758195e-6,2.3125860397758195e-6,0.0,0.0,0.0,0.0,0.0,0.0,0.0,0.0
PJM_EMAC_offshorewind_class12_moderate_floating_1_4,10,0.0,0.0,2.372879675772337e-6,2.372879675772337e-6,0.0,0.0,0.0,0.0,0.0,0.0,0.0,0.0
PJM_EMAC_offshorewind_class12_moderate_floating_1_5,10,0.0,0.0,2.275612854249681e-6,2.275612854249681e-6,0.0,0.0,0.0,0.0,0.0,0.0,0.0,0.0
NENG_Rest_offshorewind_class3_moderate_fixed_0_0,1,0.0,0.0,3.196095933786041e-5,3.196095933786041e-5,0.0,0.0,0.0,0.0,0.0,0.0,0.0,0.0
NENG_Rest_offshorewind_class3_moderate_fixed_0_1,1,0.0,0.0,1.3526458758747476e-5,1.3526458758747476e-5,0.0,0.0,0.0,0.0,0.0,0.0,0.0,0.0
NENG_Rest_offshorewind_class3_moderate_fixed_0_2,1,0.0,0.0,5.4499360385613944e-5,5.4499360385613944e-5,0.0,0.0,0.0,0.0,0.0,0.0,0.0,0.0
NENG_Rest_offshorewind_class3_moderate_fixed_0_3,1,0.0,0.0,271.1999998755361,271.1999998755361,0.0,0.0,0.0,0.0,0.0,0.0,0.0,0.0
NENG_Rest_offshorewind_class3_moderate_fixed_0_4,1,0.0,0.0,8.778865156794431e-5,8.778865156794431e-5,0.0,0.0,0.0,0.0,0.0,0.0,0.0,0.0
NENG_Rest_offshorewind_class3_moderate_fixed_0_5,1,0.0,0.0,1542.6999996829031,1542.6999996829031,0.0,0.0,0.0,0.0,0.0,0.0,0.0,0.0
NY_Z_J_offshorewind_class3_moderate_fixed_0_0,8,0.0,0.0,422.49999996253615,422.49999996253615,0.0,0.0,0.0,0.0,0.0,0.0,0.0,0.0
NY_Z_J_offshorewind_class3_moderate_fixed_0_1,8,0.0,0.0,121.19999995833862,121.19999995833862,0.0,0.0,0.0,0.0,0.0,0.0,0.0,0.0
NY_Z_J_offshorewind_class3_moderate_fixed_0_2,8,0.0,0.0,388.79999984135407,388.79999984135407,0.0,0.0,0.0,0.0,0.0,0.0,0.0,0.0
NY_Z_J_offshorewind_class3_moderate_fixed_0_3,8,0.0,0.0,198.7999999539191,198.7999999539191,0.0,0.0,0.0,0.0,0.0,0.0,0.0,0.0
NY_Z_J_offshorewind_class3_moderate_fixed_0_4,8,0.0,0.0,371.19999994304374,371.19999994304374,0.0,0.0,0.0,0.0,0.0,0.0,0.0,0.0
NY_Z_J_offshorewind_class3_moderate_fixed_0_5,8,0.0,0.0,113.79999990138171,113.79999990138171,0.0,0.0,0.0,0.0,0.0,0.0,0.0,0.0
PJM_EMAC_offshorewind_class3_moderate_fixed_0_0,10,0.0,0.0,1.6175864223571233e-5,1.6175864223571233e-5,0.0,0.0,0.0,0.0,0.0,0.0,0.0,0.0
PJM_EMAC_offshorewind_class3_moderate_fixed_0_1,10,0.0,0.0,5.246578292561237e-5,5.246578292561237e-5,0.0,0.0,0.0,0.0,0.0,0.0,0.0,0.0
PJM_EMAC_offshorewind_class3_moderate_fixed_0_2,10,0.0,0.0,8.565483898812654e-6,8.565483898812654e-6,0.0,0.0,0.0,0.0,0.0,0.0,0.0,0.0
PJM_EMAC_offshorewind_class3_moderate_fixed_0_3,10,0.0,0.0,1.7772379233900321e-6,1.7772379233900321e-6,0.0,0.0,0.0,0.0,0.0,0.0,0.0,0.0
PJM_EMAC_offshorewind_class3_moderate_fixed_0_4,10,0.0,0.0,1.405129730440896e-6,1.405129730440896e-6,0.0,0.0,0.0,0.0,0.0,0.0,0.0,0.0
PJM_EMAC_offshorewind_class3_moderate_fixed_0_5,10,0.0,0.0,1.3782002028220288e-6,1.3782002028220288e-6,0.0,0.0,0.0,0.0,0.0,0.0,0.0,0.0
PJM_Rest_offshorewind_class3_moderate_fixed_0_0,11,0.0,0.0,2150.3993142623303,2150.3993142623303,0.0,0.0,0.0,0.0,0.0,0.0,0.0,0.0
PJM_Rest_offshorewind_class3_moderate_fixed_0_1,11,0.0,0.0,2.8912655203550615e-5,2.8912655203550615e-5,0.0,0.0,0.0,0.0,0.0,0.0,0.0,0.0
PJM_Rest_offshorewind_class3_moderate_fixed_0_2,11,0.0,0.0,2.8537842477980267e-5,2.8537842477980267e-5,0.0,0.0,0.0,0.0,0.0,0.0,0.0,0.0
PJM_Rest_offshorewind_class3_moderate_fixed_0_3,11,0.0,0.0,0.0004191493639244103,0.0004191493639244103,0.0,0.0,0.0,0.0,0.0,0.0,0.0,0.0
PJM_Rest_offshorewind_class3_moderate_fixed_0_4,11,0.0,0.0,2.0134418888331462e-5,2.0134418888331462e-5,0.0,0.0,0.0,0.0,0.0,0.0,0.0,0.0
PJM_Rest_offshorewind_class3_moderate_fixed_0_5,11,0.0,0.0,1.2447951755197651e-5,1.2447951755197651e-5,0.0,0.0,0.0,0.0,0.0,0.0,0.0,0.0
NENG_Rest_offshorewind_class3_moderate_fixed_1_0,1,0.0,0.0,1229.682401042401,1229.682401042401,0.0,0.0,0.0,0.0,0.0,0.0,0.0,0.0
NENG_Rest_offshorewind_class3_moderate_fixed_1_1,1,0.0,0.0,1.9259166121078356e-5,1.9259166121078356e-5,0.0,0.0,0.0,0.0,0.0,0.0,0.0,0.0
NENG_Rest_offshorewind_class3_moderate_fixed_1_2,1,0.0,0.0,1.220938746889309e-5,1.220938746889309e-5,0.0,0.0,0.0,0.0,0.0,0.0,0.0,0.0
NENG_Rest_offshorewind_class3_moderate_fixed_1_3,1,0.0,0.0,2.9504216295155744e-5,2.9504216295155744e-5,0.0,0.0,0.0,0.0,0.0,0.0,0.0,0.0
NENG_Rest_offshorewind_class3_moderate_fixed_1_4,1,0.0,0.0,1615.7585000162467,1615.7585000162467,0.0,0.0,0.0,0.0,0.0,0.0,0.0,0.0
NENG_Rest_offshorewind_class3_moderate_fixed_1_5,1,0.0,0.0,311.3588227120924,311.3588227120924,0.0,0.0,0.0,0.0,0.0,0.0,0.0,0.0
NY_Z_J_offshorewind_class3_moderate_fixed_1_0,8,0.0,0.0,694.9999999530365,694.9999999530365,0.0,0.0,0.0,0.0,0.0,0.0,0.0,0.0
NY_Z_J_offshorewind_class3_moderate_fixed_1_1,8,0.0,0.0,808.7999999762366,808.7999999762366,0.0,0.0,0.0,0.0,0.0,0.0,0.0,0.0
NY_Z_J_offshorewind_class3_moderate_fixed_1_2,8,0.0,0.0,1033.5999999723963,1033.5999999723963,0.0,0.0,0.0,0.0,0.0,0.0,0.0,0.0
NY_Z_J_offshorewind_class3_moderate_fixed_1_3,8,0.0,0.0,92.0999708282231,92.0999708282231,0.0,0.0,0.0,0.0,0.0,0.0,0.0,0.0
NY_Z_J_offshorewind_class3_moderate_fixed_1_4,8,0.0,0.0,1130.0999999583794,1130.0999999583794,0.0,0.0,0.0,0.0,0.0,0.0,0.0,0.0
NY_Z_J_offshorewind_class3_moderate_fixed_1_5,8,0.0,0.0,300.0999999192869,300.0999999192869,0.0,0.0,0.0,0.0,0.0,0.0,0.0,0.0
PJM_EMAC_offshorewind_class3_moderate_fixed_1_0,10,0.0,0.0,4253.70480012667,4253.70480012667,0.0,0.0,0.0,0.0,0.0,0.0,0.0,0.0
PJM_EMAC_offshorewind_class3_moderate_fixed_1_1,10,0.0,0.0,446.29485791133277,446.29485791133277,0.0,0.0,0.0,0.0,0.0,0.0,0.0,0.0
PJM_EMAC_offshorewind_class3_moderate_fixed_1_2,10,0.0,0.0,0.00013939359465214198,0.00013939359465214198,0.0,0.0,0.0,0.0,0.0,0.0,0.0,0.0
PJM_EMAC_offshorewind_class3_moderate_fixed_1_3,10,0.0,0.0,6.786451175681942e-5,6.786451175681942e-5,0.0,0.0,0.0,0.0,0.0,0.0,0.0,0.0
PJM_EMAC_offshorewind_class3_moderate_fixed_1_4,10,0.0,0.0,2.5886209625835698e-5,2.5886209625835698e-5,0.0,0.0,0.0,0.0,0.0,0.0,0.0,0.0
PJM_EMAC_offshorewind_class3_moderate_fixed_1_5,10,0.0,0.0,3.6562218893921796e-6,3.6562218893921796e-6,0.0,0.0,0.0,0.0,0.0,0.0,0.0,0.0
PJM_Rest_offshorewind_class3_moderate_fixed_1_0,11,0.0,0.0,1095.4999997346279,1095.4999997346279,0.0,0.0,0.0,0.0,0.0,0.0,0.0,0.0
PJM_Rest_offshorewind_class3_moderate_fixed_1_1,11,0.0,0.0,7.887214172870828e-5,7.887214172870828e-5,0.0,0.0,0.0,0.0,0.0,0.0,0.0,0.0
PJM_Rest_offshorewind_class3_moderate_fixed_1_2,11,0.0,0.0,3.999397398167938e-5,3.999397398167938e-5,0.0,0.0,0.0,0.0,0.0,0.0,0.0,0.0
PJM_Rest_offshorewind_class3_moderate_fixed_1_3,11,0.0,0.0,604.0999997712104,604.0999997712104,0.0,0.0,0.0,0.0,0.0,0.0,0.0,0.0
PJM_Rest_offshorewind_class3_moderate_fixed_1_4,11,0.0,0.0,2.6153450558768502e-5,2.6153450558768502e-5,0.0,0.0,0.0,0.0,0.0,0.0,0.0,0.0
PJM_Rest_offshorewind_class3_moderate_fixed_1_5,11,0.0,0.0,1.956229702157111e-5,1.956229702157111e-5,0.0,0.0,0.0,0.0,0.0,0.0,0.0,0.0
NENG_Rest_onshore_wind_turbine_1,1,1549.1,5.134141076578562e-9,0.0,1549.0999999948658,0.0,0.0,0.0,0.0,0.0,0.0,0.0,0.0
NY_Z_A_onshore_wind_turbine_1,2,446.9,2.9881097760434425e-8,0.0,446.89999997011887,0.0,0.0,0.0,0.0,0.0,0.0,0.0,0.0
NY_Z_B_onshore_wind_turbine_1,3,341.2,341.19997380307876,0.0,2.6196921243393234e-5,0.0,0.0,0.0,0.0,0.0,0.0,0.0,0.0
NY_Z_C&E_onshore_wind_turbine_1,4,1922.4,2.8539581328137233e-8,0.0,1922.3999999714606,0.0,0.0,0.0,0.0,0.0,0.0,0.0,0.0
NY_Z_D_onshore_wind_turbine_1,5,678.5,678.499988274545,0.0,1.1725455051347922e-5,0.0,0.0,0.0,0.0,0.0,0.0,0.0,0.0
PJM_Rest_onshore_wind_turbine_1,11,10804.2,10804.19998508712,0.0,1.4912881596274019e-5,0.0,0.0,0.0,0.0,0.0,0.0,0.0,0.0
NY_Z_A_res_water_heat_1,2,9.5,0.0,0.0,9.5,0.0,0.0,0.0,0.0,0.0,0.0,0.0,0.0
NY_Z_B_res_water_heat_1,3,7.2,0.0,0.0,7.2,0.0,0.0,0.0,0.0,0.0,0.0,0.0,0.0
NY_Z_C&E_res_water_heat_1,4,14.3,0.0,0.0,14.3,0.0,0.0,0.0,0.0,0.0,0.0,0.0,0.0
NY_Z_D_res_water_heat_1,5,1.6,0.0,0.0,1.6,0.0,0.0,0.0,0.0,0.0,0.0,0.0,0.0
NY_Z_F_res_water_heat_1,6,8.7,0.0,0.0,8.7,0.0,0.0,0.0,0.0,0.0,0.0,0.0,0.0
NY_Z_G-I_res_water_heat_1,7,16.2,0.0,0.0,16.2,0.0,0.0,0.0,0.0,0.0,0.0,0.0,0.0
NY_Z_J_res_water_heat_1,8,57.9,0.0,0.0,57.9,0.0,0.0,0.0,0.0,0.0,0.0,0.0,0.0
NY_Z_K_res_water_heat_1,9,19.7,0.0,0.0,19.7,0.0,0.0,0.0,0.0,0.0,0.0,0.0,0.0
PJM_EMAC_res_water_heat_1,10,161.5,0.0,0.0,161.5,0.0,0.0,0.0,0.0,0.0,0.0,0.0,0.0
PJM_Rest_res_water_heat_1,11,671.0,0.0,0.0,671.0,0.0,0.0,0.0,0.0,0.0,0.0,0.0,0.0
NENG_Rest_res_water_heat_1,1,122.2,0.0,0.0,122.2,0.0,0.0,0.0,0.0,0.0,0.0,0.0,0.0
NENG_Rest_small_hydroelectric_1,1,418.6,0.0,0.0,418.6,0.0,0.0,0.0,0.0,0.0,0.0,0.0,0.0
NY_Z_A_small_hydroelectric_1,2,1.0,0.0,0.0,1.0,0.0,0.0,0.0,0.0,0.0,0.0,0.0,0.0
NY_Z_B_small_hydroelectric_1,3,285.5,0.0,0.0,285.5,0.0,0.0,0.0,0.0,0.0,0.0,0.0,0.0
NY_Z_C&E_small_hydroelectric_1,4,277.6,0.0,0.0,277.6,0.0,0.0,0.0,0.0,0.0,0.0,0.0,0.0
NY_Z_D_small_hydroelectric_1,5,30.2,0.0,0.0,30.2,0.0,0.0,0.0,0.0,0.0,0.0,0.0,0.0
NY_Z_F_small_hydroelectric_1,6,111.8,0.0,0.0,111.8,0.0,0.0,0.0,0.0,0.0,0.0,0.0,0.0
NY_Z_G-I_small_hydroelectric_1,7,32.0,0.0,0.0,32.0,0.0,0.0,0.0,0.0,0.0,0.0,0.0,0.0
PJM_EMAC_small_hydroelectric_1,10,5.1,0.0,0.0,5.1,0.0,0.0,0.0,0.0,0.0,0.0,0.0,0.0
PJM_Rest_small_hydroelectric_1,11,301.5,0.0,0.0,301.5,0.0,0.0,0.0,0.0,0.0,0.0,0.0,0.0
NENG_Rest_solar_photovoltaic_1,1,2652.8,7.807879036526422e-9,0.0,2652.799999992192,0.0,0.0,0.0,0.0,0.0,0.0,0.0,0.0
NY_Z_A_solar_photovoltaic_1,2,144.7,3.8880861838963464e-8,0.0,144.69999996111912,0.0,0.0,0.0,0.0,0.0,0.0,0.0,0.0
NY_Z_B_solar_photovoltaic_1,3,170.7,1.1556025967537096e-8,0.0,170.69999998844395,0.0,0.0,0.0,0.0,0.0,0.0,0.0,0.0
NY_Z_C&E_solar_photovoltaic_1,4,701.8,1.173829295835917e-8,0.0,701.7999999882617,0.0,0.0,0.0,0.0,0.0,0.0,0.0,0.0
NY_Z_D_solar_photovoltaic_1,5,70.8,2.384449062491659e-8,0.0,70.7999999761555,0.0,0.0,0.0,0.0,0.0,0.0,0.0,0.0
NY_Z_F_solar_photovoltaic_1,6,422.7,1.0430116063975082e-8,0.0,422.69999998956985,0.0,0.0,0.0,0.0,0.0,0.0,0.0,0.0
NY_Z_G-I_solar_photovoltaic_1,7,195.7,1.628560293081964e-8,0.0,195.69999998371438,0.0,0.0,0.0,0.0,0.0,0.0,0.0,0.0
PJM_EMAC_solar_photovoltaic_1,10,1666.1,1.1145091329937882e-8,0.0,1666.0999999888547,0.0,0.0,0.0,0.0,0.0,0.0,0.0,0.0
PJM_Rest_solar_photovoltaic_1,11,9288.9,1.079119972291778e-8,0.0,9288.89999998921,0.0,0.0,0.0,0.0,0.0,0.0,0.0,0.0
NY_Z_A_trans_light_duty_1,2,43.6,0.0,0.0,43.6,0.0,0.0,0.0,0.0,0.0,0.0,0.0,0.0
NY_Z_B_trans_light_duty_1,3,33.1,0.0,0.0,33.1,0.0,0.0,0.0,0.0,0.0,0.0,0.0,0.0
NY_Z_C&E_trans_light_duty_1,4,65.4,0.0,0.0,65.4,0.0,0.0,0.0,0.0,0.0,0.0,0.0,0.0
NY_Z_D_trans_light_duty_1,5,7.6,0.0,0.0,7.6,0.0,0.0,0.0,0.0,0.0,0.0,0.0,0.0
NY_Z_F_trans_light_duty_1,6,40.0,0.0,0.0,40.0,0.0,0.0,0.0,0.0,0.0,0.0,0.0,0.0
NY_Z_G-I_trans_light_duty_1,7,74.0,0.0,0.0,74.0,0.0,0.0,0.0,0.0,0.0,0.0,0.0,0.0
NY_Z_J_trans_light_duty_1,8,265.0,0.0,0.0,265.0,0.0,0.0,0.0,0.0,0.0,0.0,0.0,0.0
NY_Z_K_trans_light_duty_1,9,90.3,0.0,0.0,90.3,0.0,0.0,0.0,0.0,0.0,0.0,0.0,0.0
PJM_EMAC_trans_light_duty_1,10,844.8,0.0,0.0,844.8,0.0,0.0,0.0,0.0,0.0,0.0,0.0,0.0
PJM_Rest_trans_light_duty_1,11,2488.0,0.0,0.0,2488.0,0.0,0.0,0.0,0.0,0.0,0.0,0.0,0.0
NENG_Rest_trans_light_duty_1,1,708.7,0.0,0.0,708.7,0.0,0.0,0.0,0.0,0.0,0.0,0.0,0.0
NENG_Rest_utilitypv_class1_moderate_1,1,0.0,0.0,3.146244656006425e-5,3.146244656006425e-5,0.0,0.0,0.0,0.0,0.0,0.0,0.0,0.0
NENG_Rest_utilitypv_class1_moderate_2,1,0.0,0.0,547.1999366974428,547.1999366974428,0.0,0.0,0.0,0.0,0.0,0.0,0.0,0.0
NENG_Rest_utilitypv_class1_moderate_3,1,0.0,0.0,9.88845143636402e-6,9.88845143636402e-6,0.0,0.0,0.0,0.0,0.0,0.0,0.0,0.0
NENG_Rest_utilitypv_class1_moderate_4,1,0.0,0.0,9.61715413377406e-6,9.61715413377406e-6,0.0,0.0,0.0,0.0,0.0,0.0,0.0,0.0
NENG_Rest_utilitypv_class1_moderate_5,1,0.0,0.0,5.966694685427488e-6,5.966694685427488e-6,0.0,0.0,0.0,0.0,0.0,0.0,0.0,0.0
NENG_Rest_utilitypv_class1_moderate_6,1,0.0,0.0,6.385125393236118e-6,6.385125393236118e-6,0.0,0.0,0.0,0.0,0.0,0.0,0.0,0.0
NY_Z_A_utilitypv_class1_moderate_1,2,0.0,0.0,3.501555904792206e-6,3.501555904792206e-6,0.0,0.0,0.0,0.0,0.0,0.0,0.0,0.0
NY_Z_A_utilitypv_class1_moderate_2,2,0.0,0.0,3.9855758546211795e-6,3.9855758546211795e-6,0.0,0.0,0.0,0.0,0.0,0.0,0.0,0.0
NY_Z_A_utilitypv_class1_moderate_3,2,0.0,0.0,2.9457663496419523e-6,2.9457663496419523e-6,0.0,0.0,0.0,0.0,0.0,0.0,0.0,0.0
NY_Z_A_utilitypv_class1_moderate_4,2,0.0,0.0,2.6489322746891495e-6,2.6489322746891495e-6,0.0,0.0,0.0,0.0,0.0,0.0,0.0,0.0
NY_Z_A_utilitypv_class1_moderate_5,2,0.0,0.0,2.3526881414091195e-6,2.3526881414091195e-6,0.0,0.0,0.0,0.0,0.0,0.0,0.0,0.0
NY_Z_A_utilitypv_class1_moderate_6,2,0.0,0.0,2.3703583463228475e-6,2.3703583463228475e-6,0.0,0.0,0.0,0.0,0.0,0.0,0.0,0.0
NY_Z_B_utilitypv_class1_moderate_1,3,0.0,0.0,7392.2339261971,7392.2339261971,0.0,0.0,0.0,0.0,0.0,0.0,0.0,0.0
NY_Z_B_utilitypv_class1_moderate_2,3,0.0,0.0,4.855978914786747e-5,4.855978914786747e-5,0.0,0.0,0.0,0.0,0.0,0.0,0.0,0.0
NY_Z_B_utilitypv_class1_moderate_3,3,0.0,0.0,9.677221420696213e-6,9.677221420696213e-6,0.0,0.0,0.0,0.0,0.0,0.0,0.0,0.0
NY_Z_B_utilitypv_class1_moderate_4,3,0.0,0.0,9.377449651703453e-6,9.377449651703453e-6,0.0,0.0,0.0,0.0,0.0,0.0,0.0,0.0
NY_Z_B_utilitypv_class1_moderate_5,3,0.0,0.0,5.308807615479448e-6,5.308807615479448e-6,0.0,0.0,0.0,0.0,0.0,0.0,0.0,0.0
NY_Z_B_utilitypv_class1_moderate_6,3,0.0,0.0,5.7867668491007975e-6,5.7867668491007975e-6,0.0,0.0,0.0,0.0,0.0,0.0,0.0,0.0
NY_Z_C&E_utilitypv_class1_moderate_1,4,0.0,0.0,4.6023183982444246e-5,4.6023183982444246e-5,0.0,0.0,0.0,0.0,0.0,0.0,0.0,0.0
NY_Z_C&E_utilitypv_class1_moderate_2,4,0.0,0.0,2.6152862542180376e-5,2.6152862542180376e-5,0.0,0.0,0.0,0.0,0.0,0.0,0.0,0.0
NY_Z_C&E_utilitypv_class1_moderate_3,4,0.0,0.0,1.1508030854888107e-5,1.1508030854888107e-5,0.0,0.0,0.0,0.0,0.0,0.0,0.0,0.0
NY_Z_C&E_utilitypv_class1_moderate_4,4,0.0,0.0,1.2753466000749956e-5,1.2753466000749956e-5,0.0,0.0,0.0,0.0,0.0,0.0,0.0,0.0
NY_Z_C&E_utilitypv_class1_moderate_5,4,0.0,0.0,8.213174859421951e-6,8.213174859421951e-6,0.0,0.0,0.0,0.0,0.0,0.0,0.0,0.0
NY_Z_C&E_utilitypv_class1_moderate_6,4,0.0,0.0,5.198379994053085e-6,5.198379994053085e-6,0.0,0.0,0.0,0.0,0.0,0.0,0.0,0.0
NY_Z_D_utilitypv_class1_moderate_1,5,0.0,0.0,6.602213170120842e-6,6.602213170120842e-6,0.0,0.0,0.0,0.0,0.0,0.0,0.0,0.0
NY_Z_D_utilitypv_class1_moderate_2,5,0.0,0.0,6.302125547612156e-6,6.302125547612156e-6,0.0,0.0,0.0,0.0,0.0,0.0,0.0,0.0
NY_Z_D_utilitypv_class1_moderate_3,5,0.0,0.0,5.464369756713647e-6,5.464369756713647e-6,0.0,0.0,0.0,0.0,0.0,0.0,0.0,0.0
NY_Z_D_utilitypv_class1_moderate_4,5,0.0,0.0,4.991861732212818e-6,4.991861732212818e-6,0.0,0.0,0.0,0.0,0.0,0.0,0.0,0.0
NY_Z_D_utilitypv_class1_moderate_5,5,0.0,0.0,4.098047587767033e-6,4.098047587767033e-6,0.0,0.0,0.0,0.0,0.0,0.0,0.0,0.0
NY_Z_D_utilitypv_class1_moderate_6,5,0.0,0.0,3.348893267913759e-6,3.348893267913759e-6,0.0,0.0,0.0,0.0,0.0,0.0,0.0,0.0
NY_Z_F_utilitypv_class1_moderate_1,6,0.0,0.0,12139.266943672757,12139.266943672757,0.0,0.0,0.0,0.0,0.0,0.0,0.0,0.0
NY_Z_F_utilitypv_class1_moderate_2,6,0.0,0.0,5.841406570702148e-5,5.841406570702148e-5,0.0,0.0,0.0,0.0,0.0,0.0,0.0,0.0
NY_Z_F_utilitypv_class1_moderate_3,6,0.0,0.0,3.422813837052958e-5,3.422813837052958e-5,0.0,0.0,0.0,0.0,0.0,0.0,0.0,0.0
NY_Z_F_utilitypv_class1_moderate_4,6,0.0,0.0,1.8346963469091733e-5,1.8346963469091733e-5,0.0,0.0,0.0,0.0,0.0,0.0,0.0,0.0
NY_Z_F_utilitypv_class1_moderate_5,6,0.0,0.0,9.721984737017444e-6,9.721984737017444e-6,0.0,0.0,0.0,0.0,0.0,0.0,0.0,0.0
NY_Z_F_utilitypv_class1_moderate_6,6,0.0,0.0,8.675362185862443e-6,8.675362185862443e-6,0.0,0.0,0.0,0.0,0.0,0.0,0.0,0.0
NY_Z_G-I_utilitypv_class1_moderate_1,7,0.0,0.0,6.747861765546887e-6,6.747861765546887e-6,0.0,0.0,0.0,0.0,0.0,0.0,0.0,0.0
NY_Z_G-I_utilitypv_class1_moderate_2,7,0.0,0.0,6.268543433135786e-6,6.268543433135786e-6,0.0,0.0,0.0,0.0,0.0,0.0,0.0,0.0
NY_Z_G-I_utilitypv_class1_moderate_3,7,0.0,0.0,4.5898105987795915e-6,4.5898105987795915e-6,0.0,0.0,0.0,0.0,0.0,0.0,0.0,0.0
NY_Z_G-I_utilitypv_class1_moderate_4,7,0.0,0.0,4.618494314798486e-6,4.618494314798486e-6,0.0,0.0,0.0,0.0,0.0,0.0,0.0,0.0
NY_Z_G-I_utilitypv_class1_moderate_5,7,0.0,0.0,3.0670338114024334e-6,3.0670338114024334e-6,0.0,0.0,0.0,0.0,0.0,0.0,0.0,0.0
NY_Z_G-I_utilitypv_class1_moderate_6,7,0.0,0.0,3.850923384828205e-6,3.850923384828205e-6,0.0,0.0,0.0,0.0,0.0,0.0,0.0,0.0
NY_Z_K_utilitypv_class1_moderate_1,9,0.0,0.0,4.5,4.5,0.0,0.0,0.0,0.0,0.0,0.0,0.0,0.0
PJM_EMAC_utilitypv_class1_moderate_1,10,0.0,0.0,2.0074391520256287e-5,2.0074391520256287e-5,0.0,0.0,0.0,0.0,0.0,0.0,0.0,0.0
PJM_EMAC_utilitypv_class1_moderate_2,10,0.0,0.0,4.728472143852686e-5,4.728472143852686e-5,0.0,0.0,0.0,0.0,0.0,0.0,0.0,0.0
PJM_EMAC_utilitypv_class1_moderate_3,10,0.0,0.0,1.1324978525471484e-5,1.1324978525471484e-5,0.0,0.0,0.0,0.0,0.0,0.0,0.0,0.0
PJM_EMAC_utilitypv_class1_moderate_4,10,0.0,0.0,1.2880902192224904e-5,1.2880902192224904e-5,0.0,0.0,0.0,0.0,0.0,0.0,0.0,0.0
PJM_EMAC_utilitypv_class1_moderate_5,10,0.0,0.0,8.84452377583146e-6,8.84452377583146e-6,0.0,0.0,0.0,0.0,0.0,0.0,0.0,0.0
PJM_EMAC_utilitypv_class1_moderate_6,10,0.0,0.0,7.4528409950337295e-6,7.4528409950337295e-6,0.0,0.0,0.0,0.0,0.0,0.0,0.0,0.0
PJM_Rest_utilitypv_class1_moderate_1,11,0.0,0.0,1.5666336389736344e-5,1.5666336389736344e-5,0.0,0.0,0.0,0.0,0.0,0.0,0.0,0.0
PJM_Rest_utilitypv_class1_moderate_2,11,0.0,0.0,45222.009208376105,45222.009208376105,0.0,0.0,0.0,0.0,0.0,0.0,0.0,0.0
PJM_Rest_utilitypv_class1_moderate_3,11,0.0,0.0,8.994930900861769e-6,8.994930900861769e-6,0.0,0.0,0.0,0.0,0.0,0.0,0.0,0.0
PJM_Rest_utilitypv_class1_moderate_4,11,0.0,0.0,2.3329759843514328e-5,2.3329759843514328e-5,0.0,0.0,0.0,0.0,0.0,0.0,0.0,0.0
PJM_Rest_utilitypv_class1_moderate_5,11,0.0,0.0,5.115483154043248e-6,5.115483154043248e-6,0.0,0.0,0.0,0.0,0.0,0.0,0.0,0.0
PJM_Rest_utilitypv_class1_moderate_6,11,0.0,0.0,6.589538744143354e-6,6.589538744143354e-6,0.0,0.0,0.0,0.0,0.0,0.0,0.0,0.0
Total,n/a,264149.4,39168.226374287166,121244.62514596325,346225.7987716761,130505.3,0.0,19424.21556172979,149929.5155617298,0.0,0.0,0.0,0.0
